<?xml version="1.0" encoding="utf-8"?>
<DoxySettings xmlns:xsi="http://www.w3.org/2001/XMLSchema-instance" xmlns:xsd="http://www.w3.org/2001/XMLSchema">
  <SettingsFile>C:\Users\Bhargav\Documents\EYANTRA\Obstacle_avoidance\Obstacle_avoidance\doxySettings.xml</SettingsFile>
  <ProjectName>Obstacle_avoidance</ProjectName>
  <DoxyExePath>C:\Program Files\doxygen\bin\doxygen.exe</DoxyExePath>
  <UseDefaultSettings>false</UseDefaultSettings>
  <GenerateAsPartOfBuild>false</GenerateAsPartOfBuild>
  <ConfigFilePath>C:\Users\Bhargav\Documents\EYANTRA\dconfig</ConfigFilePath>
  <OutputDirPath>C:\Users\Bhargav\Documents\EYANTRA\Obstacle_avoidance\Obstacle_avoidance</OutputDirPath>
  <ShowErrorsAndWarnings>false</ShowErrorsAndWarnings>
</DoxySettings>