priority,acceleration,speed,direction,is_ahead,same_heading,dist,useful,rebroadcast
1,0.004,0.974,-1.5879050713617608,False,False,160.70158679988197,False,False
1,0.015000000000000006,0.1700000000000001,1.612040504079174,False,False,124.27791436936813,True,True
1,-0.11599999999999998,0.05,0.3201486774146268,False,True,224.03571143904713,False,False
1,-0.16,0.05,0.16514867741462683,True,True,25.495097567963924,True,False
1,0.016000000000000007,0.3084754516811107,0.16514867741462683,False,True,249.39326374222702,False,False
1,0.016000000000000007,0.9773774196017438,-0.23985132258537317,True,True,0.0,True,False
3,0.005,0.979,-1.637905071361761,False,False,160.63934760823702,False,False
3,0.016000000000000007,0.1860000000000001,1.562040504079174,False,False,124.59534501738017,False,False
3,-0.159,0.05,0.16514867741462683,True,True,24.515301344262525,True,False
2,0.035000000000000024,0.6800000000000005,1.612040504079174,False,False,149.9333185119305,False,False
2,-0.09599999999999996,0.05,0.3201486774146268,True,False,45.18849411078001,True,False
2,0.003000000000000014,0.985,-1.6429050713617608,False,False,156.92354826475216,False,False
2,-0.0009999999999999757,0.955,-3.136443976175164,False,False,186.1316738225926,False,False
2,-0.001,0.964,-3.102905071361756,False,False,124.0,False,False
1,0.005000000000000024,0.97,-3.136443976175164,True,False,110.0,True,True
1,0.005000000000000105,1,-0.019851322585373175,False,True,142.00352108310554,True,True
1,0.005,0.979,-3.1579050713617556,False,False,186.17196351760379,False,False
1,0.006000000000000146,1,1.110148677414627,False,False,285.41198292993937,False,False
1,0.02800000000000015,0.4560000000000038,0.05514867741462682,True,True,0.0,True,False
1,0.006000000000000014,1.0,1.0086875822280381,False,True,298.73901653449957,False,False
3,0.006000000000000024,0.976,-3.136443976175164,True,False,108.0,False,False
3,-0.004999999999999895,0.9950000000000001,-0.019851322585373175,False,True,142.00352108310554,False,False
3,0.006,0.985,-3.1579050713617556,False,False,186.26862323000083,False,False
1,0.001000000000000105,0.9860000000000008,0.03514867741462683,False,False,176.00284088616297,False,False
1,0.10100000000000021,0.3,0.05514867741462682,True,False,15.033296378372908,True,False
3,0.002000000000000105,0.9880000000000009,0.03514867741462683,False,False,178.0028089666003,False,False
3,0.10200000000000022,0.3,0.05514867741462682,True,False,13.038404810405298,False,False
1,-0.002999999999999895,0.9880000000000003,0.03514867741462683,True,False,139.9428454762872,True,True
1,-0.0019999999999998543,0.9800000000000005,1.5851486774146268,False,True,0.0,True,False
1,0.10800000000000022,0.3,0.00014867741462681622,True,False,293.63923443572725,False,False
1,-0.001999999999999986,0.98,1.5786875822280382,True,True,208.62646045025065,False,False
1,-0.0019999999999999758,0.27300000000000013,-3.191443976175164,False,False,284.05985284795173,False,False
3,-0.001999999999999895,0.9860000000000004,0.03514867741462683,False,False,139.43098651304163,False,False
1,0.09000000000000018,0.3,1.6051486774146269,False,True,28.0,True,False
1,0.0030000000000002707,0.9850000000000022,1.7101486774146264,False,True,132.0,True,True
1,0.003000000000000244,0.991000000000002,0.5001486774146268,True,False,125.7179382586272,True,True
1,-0.3050000000000001,0.05,1.5586875822280386,False,True,0.0,True,False
1,0.004000000000000156,0.9550000000000016,-1.434645385583878,False,True,198.01010075246163,False,False
3,0.005000000000000156,0.9600000000000017,-1.434645385583878,False,True,198.01010075246163,False,False
1,-0.003999999999999868,0.9850000000000003,-1.228298281772542,False,False,173.04623659588788,False,False
1,-0.0039999999999999775,0.97,-4.404146114246512,True,True,174.04597093871493,False,False
3,-0.0029999999999998682,0.9820000000000004,-1.2232982817725422,False,False,175.04570831642803,False,False
3,-0.0029999999999999775,0.967,-4.404146114246512,True,True,174.04597093871493,False,False
0,-0.0019999999999997286,0.9860000000000009,1.5986875822280389,False,True,65.0,True,False
0,-0.001999999999999726,0.9460000000000027,-3.1430366297649655,True,True,166.0,True,False
0,0.1300000000000001,1,-4.722905071361748,False,True,85.00588214941364,True,False
0,-0.0019999999999999723,0.98,-1.5211448031004233,True,False,140.00357138301865,True,False
0,-0.0009999999999997294,0.9790000000000013,-3.1530366297649657,False,True,165.0,True,False
0,-1.891000000000012,0.05,1.5201486774146267,True,True,66.0,True,False
0,-0.0009999999999999775,0.964,-4.67414611424651,True,True,86.00581375697809,True,False
0,0.12000000000000009,1,-4.672905071361749,True,False,140.00357138301865,True,False
1,-0.002999999999999889,0.9480000000000008,-4.672905071361749,False,True,85.00588214941364,True,True
1,-0.0029999999999999723,0.982,-1.5761448031004233,True,False,142.00352108310554,True,True
1,-0.0019999999999999775,0.965,-4.72414611424651,False,True,0.0,True,False
3,-0.001999999999999889,0.946000000000001,-4.722905071361748,False,True,86.00581375697809,False,False
3,-0.0019999999999999723,0.98,-1.5761448031004233,True,False,141.00354605470034,False,False
1,0.1030000000000001,0.3,-4.72414611424651,True,False,5.0,True,False
1,-0.006999999999999872,0.9660000000000004,-4.722905071361748,False,False,150.00333329629711,False,False
3,0.1040000000000001,0.3,-4.67414611424651,True,False,5.0,False,False
3,-0.005999999999999872,0.9600000000000005,-4.722905071361748,False,False,151.0132444522665,False,False
1,-1.591000000000045,0.05,1.5201486774146267,False,True,20.0,True,False
3,-1.5900000000000452,0.05,1.5701486774146267,False,True,20.0,False,False
1,0.006000000000000368,0.9660000000000056,-1.5280366297649712,True,True,180.00277775634464,False,False
3,0.007000000000000368,0.973000000000006,-1.5280366297649712,True,True,179.00279327429502,False,False
2,0.023000000000000013,0.5262661837483334,0.01935499454676143,False,False,180.94197965093673,False,False
1,-0.0029999999999999723,0.993,-1.5632151367908544,False,False,128.56515857727553,True,True
1,0.008000000000000031,0.981,-0.035645005453238544,False,True,177.00282483621552,False,False
1,-0.00299999999999998,0.975,-2.2377626539681703,False,False,187.6832437912346,False,False
1,-0.001999999999999995,0.98,1.5239093328041031,False,False,281.26144421160893,False,False
1,0.009000000000000025,1.0,0.01935499454676143,True,True,0.0,True,False
3,-0.0019999999999999723,0.991,-1.5582151367908545,False,False,128.41339493993607,False,False
3,0.009000000000000032,0.99,-0.035645005453238544,False,True,178.0028089666003,False,False
3,-0.00199999999999998,0.973,0.9038299996216228,True,True,188.86238376129853,False,False
1,0.0010000000000000035,0.965,-1.5182151367908543,False,True,192.00260414900626,False,False
3,0.0020000000000000035,0.967,-1.5182151367908543,False,True,193.00259065618783,False,False
1,0.005000000000000005,0.994,1.5189093328041032,True,True,34.0,True,False
3,0.006000000000000005,1.0,1.4689093328041032,True,True,33.0,True,True
3,0.006000000000000137,0.9850000000000017,-0.030645005453238578,True,False,214.67184258770408,False,False
3,-0.004999999999999934,0.3,1.5793549945467615,False,True,0.0,False,False
1,1.5612511283791264e-17,0.964,-1.2261700003783758,True,False,155.11608556174951,False,False
1,1.3704315460216776e-16,0.964000000000001,1.5243549945467614,True,True,30.0,True,False
1,2.0036056147532122e-16,0.9720000000000018,1.5893549945467613,False,True,121.0,True,True
1,-0.13099999999999995,0.05,1.5189093328041032,False,True,0.0,True,False
1,-1.0240000000000005,0.05,1.5743549945467614,True,False,59.0,True,False
1,-0.0009999999999997997,0.9720000000000015,2.7993549945467566,False,False,166.0873264279969,False,False
1,-0.021999999999999853,0.05,1.5689093328041033,True,False,43.0,True,False
3,-1.0340000000000005,0.05,1.5243549945467614,True,False,59.0,False,False
3,2.0036056147532122e-16,0.9720000000000018,2.7993549945467566,False,False,166.43316977093238,False,False
3,-0.020999999999999852,0.05,1.6189093328041033,True,False,43.0,False,False
0,-1.4100000000000008,0.05,-0.048215136790854575,True,True,32.01562118716424,True,False
0,-1.443000000000031,0.05,1.5743549945467614,False,False,179.25400971805345,True,False
0,-2,0.05,0.04678486320914554,False,True,16.0312195418814,True,False
0,-0.9040000000000252,0.05,-3.1382151367908495,False,False,7.0,True,False
0,-2,0.05,-2.2377626539681703,True,True,15.297058540778355,True,False
0,-0.0009999999999997164,0.9720000000000023,2.5439093328041005,False,False,191.80198122021577,True,False
0,-1.090000000000021,0.05,-0.023215136790854022,False,True,8.54400374531753,True,False
0,-0.0009999999999998664,0.9970000000000002,-1.5811700003783749,False,False,179.25400971805345,True,False
0,-1.4200000000000008,0.05,0.0017848632091454278,True,True,24.331050121192877,True,False
0,-1.442000000000031,0.05,1.5243549945467614,True,False,191.80198122021577,True,False
0,-2,0.05,0.04678486320914554,True,True,8.54400374531753,True,False
0,-0.9030000000000252,0.05,-3.0882151367908497,False,False,15.297058540778355,True,False
0,-2,0.05,0.9038299996216228,False,True,8.54400374531753,True,False
0,-1.090000000000021,0.05,-0.023215136790854022,False,False,23.0,True,False
0,-1.4200000000000008,0.05,0.0017848632091454278,True,False,9.055385138137417,True,False
0,-2,0.05,0.04678486320914554,False,False,7.0,True,False
0,-0.9030000000000252,0.05,-3.0882151367908497,True,False,9.055385138137417,True,False
0,-2,0.05,0.9038299996216228,False,True,24.331050121192877,True,False
0,-1.089000000000021,0.05,-0.023215136790854022,False,True,16.0,True,False
0,-1.4300000000000008,0.05,0.05178486320914543,True,True,16.0312195418814,True,False
0,-2,0.05,0.04678486320914554,True,True,16.0,True,False
0,-0.9020000000000252,0.05,-3.1382151367908495,False,False,23.0,True,False
0,-2,0.05,-2.2377626539681703,False,False,8.54400374531753,True,False
0,-1.089000000000021,0.05,-0.023215136790854022,False,True,32.01562118716424,True,False
2,-1.0670000000000235,0.05,-0.023215136790854022,False,False,10.44030650891055,True,False
2,-1.650000000000001,0.05,0.05178486320914543,True,False,23.345235059857504,True,False
2,-2,0.05,0.04678486320914554,True,False,7.615773105863909,True,False
2,-0.8800000000000252,0.05,-3.1382151367908495,False,True,17.26267650163207,True,False
0,-0.09100000000003006,0.05,0.021784863209145983,False,True,56.00892785976178,True,False
0,-2,0.05,0.026784863209145447,True,True,33.0,True,False
0,-0.4430000000000792,0.05,1.594354994546761,False,True,23.0,True,False
0,-2,0.05,-0.028215136790854453,False,True,16.0,True,False
0,-0.003000000000024404,0.9819999999999023,-3.1332151367908496,False,False,171.00292395160966,True,False
0,-2,0.05,-2.2377626539681703,True,True,130.06152390311286,True,False
0,-2,0.05,-0.019175715200741645,False,True,2.8284271247461903,True,False
0,-0.09000000000003006,0.05,-0.02821513679085402,False,True,58.077534382926416,True,False
0,-2,0.05,1.5404226532114238,True,True,23.0,True,False
0,-1.999,0.05,0.9038299996216228,True,True,42.1070065428546,True,False
0,-2,0.05,-0.019175715200741645,False,False,132.015150645674,True,False
0,-0.09000000000003006,0.05,-0.02821513679085402,False,False,188.0026595556563,True,False
0,-2,0.05,-0.023215136790854556,False,False,156.00320509528,True,False
0,-2,0.05,0.02178486320914555,False,False,172.00290695217916,True,False
0,-0.002000000000024404,0.9799999999998779,-3.1332151367908496,False,False,156.00320509528,True,False
0,-1.999,0.05,0.9038299996216228,False,True,26.1725046566048,True,False
0,-2,0.05,-0.019175715200741645,True,True,40.01249804748511,True,False
0,-0.08900000000003006,0.05,0.021784863209145983,False,True,16.0,True,False
0,-2,0.05,0.026784863209145447,True,True,16.0,True,False
0,-2,0.05,-0.028215136790854453,True,True,16.0,True,False
0,-0.0010000000000244041,0.9789999999998534,-3.1332151367908496,False,False,189.0026454841307,True,False
0,-2,0.05,-2.2377626539681703,False,False,58.077534382926416,True,False
0,-2,0.05,-0.019175715200741645,True,True,24.020824298928627,True,False
0,-0.08900000000003006,0.05,0.021784863209145983,False,True,32.0,True,False
0,-2,0.05,0.026784863209145447,False,True,24.020824298928627,True,False
0,-2,0.05,-0.028215136790854453,False,True,40.01249804748511,True,False
0,-0.0010000000000244041,0.9789999999998534,-3.1332151367908496,False,False,133.01503674397117,True,False
0,-2,0.05,-2.2377626539681703,False,False,2.8284271247461903,True,False
0,-2,0.05,-0.019175715200741645,True,True,56.00892785976178,True,False
2,-2,0.05,-0.019175715200741645,False,False,3.605551275463989,True,False
2,-0.06700000000003004,0.05,0.021784863209145983,False,False,60.07495318350236,True,True
2,-2,0.05,-2.2377626539681703,False,True,0.0,True,False
2,-2,0.05,0.026784863209145447,True,False,138.0,False,False
2,-1.8960000000000115,0.05,-0.028215136790854453,True,False,122.0,False,False
2,-2,0.05,-2.2377626539681703,False,True,175.025712396779,False,False
2,-2,0.05,-0.06917571520074164,True,False,161.0,False,False
0,-2,0.05,0.025824284799258364,False,True,52.0,True,False
0,-0.9170000000000621,0.05,-3.1148077903806466,False,False,69.0,True,False
0,-2,0.05,-0.028215136790854557,False,False,93.0,True,False
0,-1.1260000000000963,0.05,-0.028215136790854453,False,True,16.0,True,False
0,0.004999999999975721,0.9939999999996353,-0.040029829611247895,True,False,192.62917743685665,True,False
0,-0.9280000000000366,0.05,0.021169687367162543,True,True,73.0,True,False
0,-2,0.05,-2.2377626539681703,False,False,19.235384061671343,True,False
0,-2,0.05,0.035724025624505606,False,True,3.0,True,False
0,-2,0.05,-0.02417571520074164,False,True,52.08646657242167,True,False
0,-0.9160000000000621,0.05,-3.1648077903806464,False,False,18.24828759089466,True,False
0,-2,0.05,0.021784863209145446,False,True,76.05918747922567,True,False
0,-0.003000000000078805,0.9819999999996847,-3.1088303126328314,True,False,191.637678967368,True,False
0,-1.1250000000000964,0.05,0.02178486320914555,False,True,92.04890004774636,True,False
0,-0.9270000000000366,0.05,-0.02883031263283746,False,True,19.235384061671343,True,False
0,-2,0.05,0.9038299996216228,True,True,92.04890004774636,True,False
0,-2,0.05,0.035724025624505606,True,True,19.0,True,False
0,-2,0.05,-0.02417571520074164,False,True,33.0,True,False
0,-0.9160000000000621,0.05,-3.1648077903806464,False,False,37.0,True,False
0,-2,0.05,0.021784863209145446,False,True,57.0,True,False
0,-1.1250000000000964,0.05,0.02178486320914555,False,True,73.0,True,False
0,-0.9270000000000366,0.05,-0.02883031263283746,True,True,57.0,True,False
0,-2,0.05,0.9038299996216228,True,True,76.05918747922567,True,False
0,-2,0.05,0.035724025624505606,True,True,92.0,True,False
0,-2,0.05,0.025824284799258364,True,True,40.0,True,False
0,-0.9150000000000621,0.05,-3.1148077903806466,False,False,110.0,True,False
0,-2,0.05,-0.028215136790854557,True,True,16.0,True,False
0,-1.1240000000000965,0.05,-0.028215136790854453,False,False,110.0,True,False
0,-0.9260000000000366,0.05,0.021169687367162543,False,False,37.0,True,False
0,-2,0.05,-2.2377626539681703,True,True,18.24828759089466,True,False
0,-2,0.05,0.035724025624505606,True,True,76.0,True,False
0,-2,0.05,0.025824284799258364,True,True,24.0,True,False
0,-0.9150000000000621,0.05,-3.1148077903806466,False,False,94.0,True,False
0,-2,0.05,-0.028215136790854557,False,True,24.0,True,False
0,-1.1240000000000965,0.05,-0.028215136790854453,False,True,40.0,True,False
0,-0.9260000000000366,0.05,0.021169687367162543,True,True,33.0,True,False
0,-2,0.05,-2.2377626539681703,False,False,52.08646657242167,True,False
0,-2,0.05,0.035724025624505606,False,False,18.0,True,False
0,-2,0.05,-0.02417571520074164,False,False,70.0,True,False
0,-0.9140000000000621,0.05,-3.1648077903806464,False,False,18.0,True,False
0,-2,0.05,0.021784863209145446,False,True,76.0,True,False
0,-1.1230000000000966,0.05,0.02178486320914555,False,True,92.0,True,False
0,-0.9250000000000366,0.05,-0.02883031263283746,False,True,19.0,True,False
0,-2,0.05,0.9038299996216228,False,True,3.0,True,False
0,-2,0.05,0.035724025624505606,True,True,52.0,True,False
2,-2,0.05,0.035724025624505606,False,False,3.1622776601683795,True,False
2,-2,0.05,0.025824284799258364,False,False,53.08483775994799,True,True
2,-0.8930000000000621,0.05,-3.1148077903806466,False,True,19.235384061671343,True,False
2,-2,0.05,-0.028215136790854557,False,False,77.05841939723393,True,True
2,-1.102000000000099,0.05,-0.028215136790854453,False,False,93.04837451562494,True,True
2,-0.9040000000000366,0.05,0.021169687367162543,False,False,20.223748416156685,True,False
2,-2,0.05,-2.2377626539681703,False,True,0.0,True,False
1,-0.7050000000001099,0.05,1.6004226532114236,False,False,73.0,True,False
3,-0.7040000000001099,0.05,1.6004226532114236,False,False,73.00684899377592,False,False
0,-2,0.05,0.030824284799258365,False,True,52.0,True,False
0,0.005999999999938737,0.9999999999992033,-3.1098077903806467,False,False,169.00295855398508,True,False
0,-2,0.05,0.026784863209145447,False,True,23.0,True,False
0,-0.12600000000010936,0.05,-0.06821513679085445,False,True,17.0,True,False
0,-0.32400000000003587,0.05,0.021169687367162543,True,True,57.0,True,False
0,-1.500000000000055,0.05,-2.2377626539681703,False,False,85.05292469985967,True,False
0,-1.9570000000000047,0.05,0.0257240256245056,False,True,50.08991914547278,True,False
0,-2,0.05,0.030824284799258365,False,True,102.04410811016969,True,False
0,0.006999999999938737,1,-3.1098077903806467,False,False,120.06664815842908,True,False
0,-2,0.05,0.026784863209145447,False,True,125.03599481749245,True,False
0,-0.12500000000010936,0.05,-0.018215136790854444,False,True,142.03168660548954,True,False
0,-0.3340000000000359,0.05,-0.02883031263283746,False,True,85.05292469985967,True,False
0,-1.4990000000000552,0.05,0.9038299996216228,True,True,142.03168660548954,True,False
0,-1.9570000000000047,0.05,0.0257240256245056,True,True,35.0,True,False
0,-2,0.05,0.030824284799258365,False,True,17.0,True,False
0,-2,0.05,0.026784863209145447,False,True,40.0,True,False
0,-0.12500000000010936,0.05,-0.018215136790854444,False,True,57.0,True,False
0,-0.3340000000000359,0.05,-0.02883031263283746,True,True,40.0,True,False
0,-1.4990000000000552,0.05,0.9038299996216228,True,True,125.03599481749245,True,False
0,-1.9560000000000048,0.05,-0.0242759743754944,True,True,92.0,True,False
0,-2,0.05,0.030824284799258365,True,True,40.0,True,False
0,-2,0.05,0.026784863209145447,True,True,16.0,True,False
0,-0.12400000000010936,0.05,-0.06821513679085445,False,True,40.0,True,False
0,-0.3440000000000359,0.05,0.021169687367162543,True,True,17.0,True,False
0,-1.4980000000000553,0.05,-2.2377626539681703,True,True,120.06664815842908,True,False
0,-1.9560000000000048,0.05,-0.0242759743754944,True,True,75.0,True,False
0,-2,0.05,0.030824284799258365,True,True,23.0,True,False
0,-2,0.05,0.026784863209145447,False,True,76.0,True,False
0,-0.12400000000010936,0.05,-0.06821513679085445,False,True,92.0,True,False
0,-0.3440000000000359,0.05,0.021169687367162543,False,True,35.0,True,False
0,-1.4980000000000553,0.05,-2.2377626539681703,False,False,102.04410811016969,True,False
0,-1.955000000000005,0.05,0.0257240256245056,False,False,170.00294115102832,True,False
0,-1.4970000000000554,0.05,0.9038299996216228,True,True,50.08991914547278,True,False
0,-1.955000000000005,0.05,0.0257240256245056,True,True,52.0,True,False
2,-1.9340000000000073,0.05,-0.0242759743754944,False,False,51.088159097779204,True,True
2,-2,0.05,0.030824284799258365,False,False,103.04368005850722,False,False
2,-2,0.05,0.026784863209145447,False,False,127.03542812932147,False,False
2,-0.10200000000010934,0.05,-0.06821513679085445,False,False,143.0314650697531,False,False
2,-0.564000000000036,0.05,0.021169687367162543,False,False,86.05230967266364,True,True
2,-1.4760000000000577,0.05,-2.2377626539681703,False,True,0.0,True,False
2,0.00699999999997586,0.9999999999996386,-1.6050298296112473,False,False,134.18271125595876,False,False
2,-2,0.05,-0.02883031263283746,True,False,81.0,True,True
2,-1.3210000000000748,0.05,0.9038299996216228,True,False,175.025712396779,False,False
2,-1.7780000000000244,0.05,-0.0242759743754944,True,False,117.0,False,False
2,-2,0.05,0.030824284799258365,True,False,64.0,True,True
2,-1.9830000000000019,0.05,-0.07321513679085456,True,False,41.0,True,False
2,-0.0010000000001092251,0.9789999999993445,3.103377516798939,False,True,0.0,True,False
2,-2,0.05,-0.02883031263283746,True,True,125.00399993600205,False,False
2,-1.6700000000000363,0.05,-0.0242759743754944,True,True,160.00312496948303,False,False
2,-2,0.05,0.030824284799258365,True,True,108.00462953040486,False,False
2,-1.8750000000000138,0.05,-0.01821513679085456,True,True,84.00595217006948,True,True
2,-0.003000000000109225,0.981999999999563,-3.1298077903806476,False,False,156.00320509528,False,False
2,0.00599999999997586,0.9929999999996627,0.15156282397855048,True,True,0.0,True,False
2,-1.2120000000000868,0.05,-2.2377626539681703,False,False,224.03571143904713,False,False
2,-0.8110000000000942,0.05,-0.07883031263283799,True,False,154.0,False,False
2,-0.8110000000001242,0.05,-3.1398077903806474,False,True,186.0,False,False
2,-2,0.05,0.026169687367162544,True,False,41.0,True,False
2,-2,0.05,-2.2377626539681703,False,True,170.02646852769718,False,False
2,-1.0690000000001025,0.05,0.0257240256245056,True,False,76.0,True,True
2,-2,0.05,-0.014175715200741637,True,False,24.0,True,False
2,-1.27400000000008,0.05,-2.9998077903806477,False,True,0.0,True,False
0,-1.8890000000000122,0.05,0.035824284799258366,False,True,52.0,True,False
0,-0.002000000000109225,0.9799999999994538,-3.3677626539681675,True,False,150.20652449211386,True,False
0,-1.1630000000000922,0.05,-3.0998077903806474,True,False,12.0,True,False
0,-0.6990000000000941,0.05,0.021169687367162016,True,False,142.0,True,False
0,-0.6990000000001241,0.05,-3.1398077903806474,False,False,43.0,True,False
0,-2,0.05,-0.07383031263283746,False,False,156.0,True,False
0,-2,0.05,-2.2377626539681703,False,False,135.03332921912278,True,False
0,-0.9570000000001101,0.05,0.0257240256245056,False,True,100.04498987955368,True,False
0,-1.8880000000000123,0.05,-0.014175715200741637,False,True,152.029602380589,True,False
0,-0.007000000000061094,0.9759999999998168,-0.026622483201045207,True,False,149.21461054467824,True,False
0,-1.1620000000000923,0.05,-3.149807790380647,True,False,164.02743672934722,True,False
0,-0.6980000000000941,0.05,-0.028830312632837987,False,True,22.20360331117452,True,False
0,-0.6980000000001241,0.05,-3.189807790380647,False,False,21.213203435596427,True,False
0,-2,0.05,-0.023830312632837455,False,True,135.03332921912278,True,False
0,-2,0.05,0.9038299996216228,False,False,21.213203435596427,True,False
0,-0.9570000000001101,0.05,0.0257240256245056,True,True,35.0,True,False
0,-1.8880000000000123,0.05,-0.014175715200741637,False,True,17.0,True,False
0,-1.1620000000000923,0.05,-3.149807790380647,True,False,29.0,True,False
0,-0.6980000000000941,0.05,-0.028830312632837987,True,True,113.0,True,False
0,-0.6980000000001241,0.05,-3.189807790380647,False,False,156.0,True,False
0,-2,0.05,-0.023830312632837455,False,True,113.0,True,False
0,-2,0.05,0.9038299996216228,False,True,22.20360331117452,True,False
0,-0.9560000000001101,0.05,-0.0242759743754944,False,False,121.0,True,False
0,-1.8870000000000124,0.05,-0.019175715200741638,False,False,173.0,True,False
0,-1.1610000000000924,0.05,-3.0998077903806474,True,True,185.0,True,False
0,-0.6970000000000941,0.05,0.021169687367162016,False,False,43.0,True,False
0,-0.6970000000001241,0.05,-3.1398077903806474,False,True,186.0,True,False
0,-2,0.05,-0.07383031263283746,True,False,29.0,True,False
0,-2,0.05,-2.2377626539681703,False,True,164.02743672934722,True,False
0,-0.9560000000001101,0.05,-0.0242759743754944,False,True,78.0,True,False
0,-1.8870000000000124,0.05,-0.019175715200741638,False,True,130.0,True,False
0,-1.1610000000000924,0.05,-3.0998077903806474,True,False,142.0,True,False
0,-0.6970000000000941,0.05,0.021169687367162016,True,True,130.0,True,False
0,-0.6970000000001241,0.05,-3.1398077903806474,False,False,174.0,True,False
0,-2,0.05,-0.07383031263283746,True,True,17.0,True,False
0,-2,0.05,-2.2377626539681703,False,False,152.029602380589,True,False
0,-0.9550000000001101,0.05,0.0257240256245056,True,False,64.0,True,False
0,-1.8860000000000126,0.05,0.030824284799258365,True,False,12.0,True,False
0,-1.1600000000000925,0.05,-3.149807790380647,True,False,64.0,True,False
0,-0.6960000000000941,0.05,-0.028830312632837987,True,True,78.0,True,False
0,-0.6960000000001241,0.05,-3.0898077903806476,False,False,122.0,True,False
0,-2,0.05,-0.023830312632837455,False,True,35.0,True,False
0,-2,0.05,0.9038299996216228,True,True,100.04498987955368,True,False
0,-0.9550000000001101,0.05,0.0257240256245056,True,True,52.0,True,False
2,-0.9340000000001101,0.05,-0.0242759743754944,False,False,101.04454463255303,False,False
2,-1.8650000000000149,0.05,-0.019175715200741638,False,False,153.0294089382822,False,False
2,-1.1390000000000948,0.05,-3.0998077903806474,True,True,163.02760502442524,False,False
2,-0.6750000000000941,0.05,0.021169687367162016,False,False,23.194827009486403,True,False
2,-0.6750000000001241,0.05,-3.1398077903806474,False,True,23.194827009486403,True,False
2,-2,0.05,-0.07383031263283746,False,False,136.03308421115798,False,False
2,-0.80200000000011,0.05,-3.154807790380647,False,True,24.0,True,False
2,-0.3380000000000938,0.05,-0.028830312632837987,True,False,130.0,False,False
2,-2,0.05,0.02616968736716255,True,False,17.0,True,False
2,-1.700000000000033,0.05,0.9038299996216228,True,False,170.02646852769718,False,False
2,-0.5960000000001098,0.05,0.030724025624505602,True,False,52.0,True,True
2,-1.527000000000052,0.05,2.9524169383890513,False,True,0.0,True,False
2,-0.33700000000012376,0.05,-3.1398077903806474,False,True,209.0,False,False
2,-1.3600000000000705,0.05,0.9038299996216228,True,False,170.02646852769718,False,False
2,-0.2560000000001095,0.05,-0.0692759743754944,True,False,35.0,True,False
2,-2,0.05,-3.1807683687905355,False,True,17.0,True,False
2,-0.46100000000010966,0.05,-3.064807790380647,False,True,41.0,True,False
2,0.0029999999999065123,0.055999999999719545,0.021169687367162016,True,False,113.0,False,False
0,-2,0.05,-3.1257683687905358,False,False,26.0,True,False
0,-0.1630000000001094,0.05,-3.164807790380647,False,True,24.0,True,False
0,-1.9920000000000009,0.05,-0.07383031263283799,False,False,19.0,True,False
0,0.003999999999876564,0.988999999998642,-3.1798077903806474,False,False,66.0,True,False
0,-2,0.05,-3.15542296622263,True,False,22.0,True,False
0,-1.0610000000001034,0.05,-2.2377626539681703,False,True,155.0290295396317,True,False
0,0.04299999999989078,0.9959999999953031,-0.014275974375494396,False,True,164.02743672934722,True,False
0,-2,0.05,-3.1257683687905358,True,False,138.03260484392808,True,False
0,-0.0020000000001091133,0.9949999999997817,0.022237346031824853,False,False,67.0,True,False
0,-0.1620000000001094,0.05,-3.114807790380647,True,False,114.03946685248927,True,False
0,-1.991000000000001,0.05,-0.023830312632837983,False,True,133.0338302838793,True,False
0,-2,0.05,-3.15542296622263,True,False,155.0290295396317,True,False
0,-1.0600000000001035,0.05,0.9038299996216228,True,True,133.0338302838793,True,False
0,0.04299999999989078,0.9959999999953031,-0.014275974375494396,False,False,9.0,True,False
0,-2,0.05,-3.1257683687905358,False,True,17.0,True,False
0,-0.1620000000001094,0.05,-3.114807790380647,False,True,41.0,True,False
0,-1.991000000000001,0.05,-0.023830312632837983,True,False,22.0,True,False
0,-2,0.05,-3.15542296622263,True,True,41.0,True,False
0,-1.0600000000001035,0.05,0.9038299996216228,True,False,114.03946685248927,True,False
0,0.04399999999989078,1,0.035724025624505606,False,True,32.0,True,False
0,-2,0.05,-3.1257683687905358,True,False,5.0,True,False
0,-0.1610000000001094,0.05,-3.164807790380647,False,False,19.0,True,False
0,-1.990000000000001,0.05,-0.07383031263283799,True,False,5.0,True,False
0,-2,0.05,-3.15542296622263,True,True,17.0,True,False
0,-1.0590000000001036,0.05,-2.2377626539681703,False,True,138.03260484392808,True,False
0,0.04399999999989078,1,0.035724025624505606,False,False,51.0,True,False
0,-2,0.05,-3.1257683687905358,True,True,24.0,True,False
0,-0.1610000000001094,0.05,-3.164807790380647,False,False,50.0,True,False
0,-1.990000000000001,0.05,-0.07383031263283799,True,True,31.0,True,False
0,-2,0.05,-3.15542296622263,False,False,9.0,True,False
0,-1.0590000000001036,0.05,-2.2377626539681703,False,False,164.02743672934722,True,False
0,0.03399999999989078,1,-0.014275974375494396,False,False,28.0,True,False
2,-2,0.05,-3.1257683687905358,False,True,39.01281840626232,True,False
2,-0.15000000000010938,0.05,-3.114807790380647,False,True,62.00806399170998,True,True
2,-1.9790000000000023,0.05,-0.023830312632837983,True,False,43.01162633521314,True,False
2,-2,0.05,-3.15542296622263,False,True,22.02271554554524,True,False
2,-1.0480000000001048,0.05,0.9038299996216228,True,False,176.0454486773231,False,False
2,0.000999999999890775,0.979999999999126,3.0023166792142986,False,True,0.0,True,False
2,-0.06600000000010924,0.7369999999980337,-3.185868627965288,True,True,167.0478973228936,False,False
2,-2,0.05,-3.1257683687905358,True,True,137.03284277865654,False,False
2,-0.13900000000010937,0.05,-3.164807790380647,True,True,113.03981599418853,False,False
2,-1.9680000000000035,0.05,-0.07383031263283799,False,False,134.03357788255897,False,False
2,-2,0.05,-3.15542296622263,True,True,154.02921800749363,False,False
1,-0.0010000000000238906,0.9719999999998329,-0.8816224832010485,False,False,196.65197685250968,False,False
3,-2.3890611711152587e-14,0.971999999999809,-0.8316224832010485,False,False,198.72845795205075,False,False
2,-1.6790000000000354,0.05,0.026169687367162024,True,True,76.00657866263946,True,True
2,-2,0.05,-3.15542296622263,False,False,85.00588214941364,True,True
2,-0.7480000000001099,0.05,0.9038299996216228,True,True,224.03571143904713,False,False
2,-2,0.05,-3.190868627965288,False,False,73.00684899377592,True,True
2,-1.8660000000000148,0.05,-3.075768368790536,False,False,102.00490184299969,False,False
2,-0.0030000000000608464,0.9819999999997566,0.17997017038875285,True,True,0.0,True,False
2,-0.32700000000010926,0.05,0.02723734603182485,True,True,232.0021551624036,False,False
2,-0.19000000000010925,0.05,-3.114807790380647,False,False,213.00938946440834,False,False
2,-0.44300000000002415,0.05,0.04837751679895178,True,False,181.0,False,False
2,-2,0.05,-3.11542296622263,False,True,52.0,True,True
2,-2,0.05,0.9038299996216228,True,False,170.02646852769718,False,False
2,-2,0.05,-3.100868627965288,False,True,41.0,True,False
2,-1.4360000000000621,0.05,-3.120768368790536,False,True,69.0,True,True
2,-0.7880000000001164,0.05,-0.02276265396817516,True,False,156.0,False,False
2,-1.0470000000001347,0.05,-3.114807790380647,False,True,180.0,False,False
2,-1.2480000000000828,0.05,2.952762340956955,False,True,0.0,True,False
0,-1.1800000000000903,0.05,-3.165768368790536,False,True,28.0,True,False
0,-0.5320000000001162,0.05,0.022237346031824843,True,False,61.0,True,False
0,-0.7910000000001397,0.05,-3.114807790380647,False,False,50.0,True,False
0,-0.9920000000001101,0.05,-3.1804229662226318,True,True,180.0,True,False
0,-1.9960000000000004,0.05,-0.05662248320104822,True,False,155.00322577288512,True,False
0,-2,0.05,-3.16542296622263,True,False,103.00485425454472,True,False
0,-2,0.05,-2.2377626539681703,False,True,105.04284840006957,True,False
0,-2,0.05,-3.1608686279652876,True,False,116.03878661895772,True,False
0,-1.1790000000000904,0.05,-3.115768368790536,True,False,88.05112151472007,True,False
0,-0.5310000000001162,0.05,-0.02776265396817516,False,True,27.16615541441225,True,False
0,-0.7900000000001397,0.05,-3.164807790380647,False,False,23.194827009486403,True,False
0,-0.9910000000001101,0.05,-3.1804229662226318,True,False,157.0286598045083,True,False
0,-1.9950000000000006,0.05,-0.05662248320104822,False,True,2.8284271247461903,True,False
0,-2,0.05,-3.11542296622263,True,False,105.04284840006957,True,False
0,-2,0.05,0.9038299996216228,False,True,2.8284271247461903,True,False
0,-2,0.05,-3.1608686279652876,True,True,11.0,True,False
0,-1.1790000000000904,0.05,-3.115768368790536,False,True,17.0,True,False
0,-0.5310000000001162,0.05,-0.02776265396817516,True,False,78.0,True,False
0,-0.7900000000001397,0.05,-3.164807790380647,False,True,128.0,True,False
0,-0.9910000000001101,0.05,-3.1804229662226318,True,True,52.0,True,False
0,-1.9950000000000006,0.05,-0.05662248320104822,True,False,103.00485425454472,True,False
0,-2,0.05,-3.11542296622263,False,True,52.0,True,False
0,-2,0.05,0.9038299996216228,True,False,157.0286598045083,True,False
0,-2,0.05,-3.1108686279652877,True,False,114.00438588054409,True,False
0,-1.1780000000000905,0.05,-3.165768368790536,True,False,86.00581375697809,True,False
0,-0.5300000000001162,0.05,0.022237346031824843,False,True,25.019992006393608,True,False
0,-0.7890000000001397,0.05,-3.114807790380647,False,False,25.019992006393608,True,False
0,-0.9900000000001101,0.05,-3.1804229662226318,True,False,155.00322577288512,True,False
0,-1.9940000000000007,0.05,-0.05662248320104822,False,False,25.019992006393608,True,False
0,-2,0.05,-3.16542296622263,True,True,128.0,True,False
0,-2,0.05,-2.2377626539681703,True,True,23.194827009486403,True,False
0,-2,0.05,-3.1108686279652877,False,True,41.0,True,False
0,-1.1780000000000905,0.05,-3.165768368790536,False,True,69.0,True,False
0,-0.5300000000001162,0.05,0.022237346031824843,True,False,130.0,True,False
0,-0.7890000000001397,0.05,-3.114807790380647,False,True,180.0,True,False
0,-0.9900000000001101,0.05,-3.1804229662226318,True,False,130.0,True,False
0,-1.9940000000000007,0.05,-0.05662248320104822,True,True,25.019992006393608,True,False
0,-2,0.05,-3.16542296622263,True,False,78.0,True,False
0,-2,0.05,-2.2377626539681703,False,False,27.16615541441225,True,False
0,-2,0.05,-3.1608686279652876,True,True,139.0,True,False
0,-1.1770000000000906,0.05,-3.115768368790536,True,True,111.0,True,False
0,-0.5290000000001162,0.05,-0.02776265396817516,False,False,50.0,True,False
0,-0.7880000000001397,0.05,-3.164807790380647,False,True,111.0,True,False
0,-0.9890000000001101,0.05,-3.1804229662226318,True,True,69.0,True,False
0,-1.9930000000000008,0.05,-0.05662248320104822,True,False,86.00581375697809,True,False
0,-2,0.05,-3.11542296622263,True,True,17.0,True,False
0,-2,0.05,0.9038299996216228,True,False,88.05112151472007,True,False
0,-2,0.05,-3.1608686279652876,True,False,89.0,True,False
0,-1.1770000000000906,0.05,-3.115768368790536,True,False,61.0,True,False
0,-0.5290000000001162,0.05,-0.02776265396817516,True,False,89.0,True,False
0,-0.7880000000001397,0.05,-3.164807790380647,False,True,139.0,True,False
0,-0.9890000000001101,0.05,-3.1804229662226318,True,True,41.0,True,False
0,-1.9930000000000008,0.05,-0.05662248320104822,True,False,114.00438588054409,True,False
0,-2,0.05,-3.11542296622263,False,True,11.0,True,False
0,-2,0.05,0.9038299996216228,True,False,116.03878661895772,True,False
0,-2,0.05,-3.1108686279652877,True,True,28.0,True,False
2,-2,0.05,-3.1108686279652877,True,True,115.03912377969506,False,False
2,-1.156000000000093,0.05,-3.165768368790536,True,True,87.05170877128145,True,True
2,-0.5080000000001161,0.05,0.022237346031824843,False,False,28.160255680657446,True,False
2,-0.7670000000001397,0.05,-3.114807790380647,False,True,24.186773244895647,True,False
2,-0.9680000000001101,0.05,-3.1804229662226318,True,True,156.02884348735012,False,False
2,-1.9920000000000009,0.05,-0.05662248320104822,False,False,4.242640687119285,True,False
2,-2,0.05,-3.16542296622263,True,True,104.04326023342406,False,False
2,-2,0.05,-2.2377626539681703,False,True,0.0,True,False
2,-0.3090000000001095,0.05,-3.0754229662226322,False,True,54.00925846556311,True,True
2,-1.8530000000000162,0.05,0.02337751679895181,True,False,141.00354605470034,False,False
2,-2,0.05,-3.11542296622263,False,True,106.00471687618433,False,False
2,-1.7650000000000259,0.05,0.9038299996216228,True,False,177.04519197086375,False,False
2,-2,0.05,-3.1108686279652877,False,True,95.00526301210897,True,True
2,-0.4960000000001097,0.05,-3.165768368790536,False,True,123.00406497347964,False,False
2,-0.0020000000001156645,0.9949999999997686,2.9938299996216178,False,True,0.0,True,False
2,-0.1070000000001391,0.05,-3.114807790380647,False,True,234.00213674238105,False,False
0,-0.1800000000001094,0.05,-3.1707683687905357,False,True,28.0,True,False
0,-2,0.05,-3.1193553075579685,True,True,85.0,True,False
0,0.007999999999890747,0.08599999999912598,-3.1804229662226318,False,True,16.0,True,False
0,-1.2318184666737508e-13,0.9989999999997535,-1.8616224832010448,False,False,188.904737897174,True,False
0,-1.536000000000051,0.05,-0.026622483201048194,True,False,55.0,True,False
0,-2,0.05,-3.16542296622263,True,False,3.0,True,False
0,-1.4480000000000608,0.05,-2.2377626539681703,False,True,55.08175741568164,True,False
0,-2,0.05,-3.1608686279652876,True,False,66.06814663663572,True,False
0,-0.1790000000001094,0.05,-3.1707683687905357,True,False,38.118237105091836,True,False
0,-2,0.05,-3.0693553075579687,True,False,123.03657992645927,True,False
0,0.008999999999890748,0.09499999999901673,-3.130422966222632,True,False,107.0420478129973,True,False
0,0.0009999999998768182,0.9999999999996303,-1.9116224832010449,False,False,172.00290695217916,True,False
0,-1.5350000000000512,0.05,0.02337751679895181,False,True,52.08646657242167,True,False
0,-2,0.05,-3.11542296622263,True,False,55.08175741568164,True,False
0,-1.447000000000061,0.05,0.9038299996216228,True,True,52.08646657242167,True,False
0,-2,0.05,-3.1608686279652876,True,True,11.0,True,False
0,-0.1790000000001094,0.05,-3.1707683687905357,False,True,17.0,True,False
0,-2,0.05,-3.0693553075579687,True,True,68.0,True,False
0,0.008999999999890748,0.09499999999901673,-3.130422966222632,True,True,52.0,True,False
0,-1.5350000000000512,0.05,0.02337751679895181,True,False,3.0,True,False
0,-2,0.05,-3.11542296622263,False,True,52.0,True,False
0,-1.447000000000061,0.05,0.9038299996216228,True,False,107.0420478129973,True,False
0,-2,0.05,-3.1108686279652877,True,False,14.0,True,False
0,-0.1780000000001094,0.05,-3.1707683687905357,False,False,14.0,True,False
0,-2,0.05,-3.1193553075579685,True,False,71.0,True,False
0,0.009999999999890749,0.10499999999890748,-3.1804229662226318,True,False,55.0,True,False
0,-1.5340000000000513,0.05,-0.026622483201048194,True,False,71.0,True,False
0,-2,0.05,-3.16542296622263,False,True,68.0,True,False
0,-1.446000000000061,0.05,-2.2377626539681703,False,True,123.03657992645927,True,False
0,-2,0.05,-3.1108686279652877,False,True,41.0,True,False
0,-0.1780000000001094,0.05,-3.1707683687905357,False,True,69.0,True,False
0,-2,0.05,-3.1193553075579685,False,False,172.00290695217916,True,False
0,0.009999999999890749,0.10499999999890748,-3.1804229662226318,False,False,187.7471704180918,True,False
0,-1.5340000000000513,0.05,-0.026622483201048194,False,False,14.0,True,False
0,-2,0.05,-3.16542296622263,True,True,17.0,True,False
0,-1.446000000000061,0.05,-2.2377626539681703,False,True,38.118237105091836,True,False
0,-2,0.05,-3.1608686279652876,False,True,57.0,True,False
0,-0.1770000000001094,0.05,-3.1707683687905357,False,True,85.0,True,False
0,-2,0.05,-3.0693553075579687,True,True,16.0,True,False
0,0.01099999999989075,0.11599999999879823,-3.130422966222632,True,True,69.0,True,False
0,-1.5330000000000514,0.05,0.02337751679895181,True,False,14.0,True,False
0,-2,0.05,-3.11542296622263,False,True,11.0,True,False
0,-1.4450000000000611,0.05,0.9038299996216228,True,False,66.06814663663572,True,False
0,-2,0.05,-3.1608686279652876,True,True,28.0,True,False
0,-2,0.05,-3.0693553075579687,True,True,57.0,True,False
0,0.01099999999989075,0.11599999999879823,-3.130422966222632,True,True,41.0,True,False
2,-2,0.05,-3.1108686279652877,True,True,65.06919393998976,True,True
2,-0.15600000000010938,0.05,-3.1707683687905357,True,True,37.12142238654117,True,False
2,-2,0.05,-3.1643553075579685,True,True,122.03687967167957,False,False
2,0.03199999999989077,0.5779999999965044,-3.125422966222632,True,True,100.04498987955368,False,False
2,-1.5120000000000537,0.05,-0.026622483201048194,False,False,53.08483775994799,True,True
2,-2,0.05,-3.16542296622263,True,True,54.08326913195984,True,True
2,-1.4240000000000634,0.05,-2.2377626539681703,False,True,0.0,True,False
2,-1.4530000000000602,0.05,0.02337751679895181,True,True,168.0,False,False
2,-2,0.05,-3.11542296622263,False,False,173.0,False,False
2,-2,0.05,-3.1108686279652877,False,False,162.0,False,False
2,-0.09600000000010933,0.05,-3.1707683687905357,False,False,190.0,False,False
2,-1.9440000000000062,0.05,-3.1643553075579685,False,False,105.0,False,False
2,-0.43600000000010947,0.05,-3.125422966222632,False,False,148.0,False,False
0,-1.1380000000001655,0.05,-3.1707683687905357,False,True,38.0,True,False
0,-1.2550000000000663,0.05,0.04178486320915479,False,False,23.0,True,False
0,-1.028000000000107,0.05,-3.1643553075579685,True,False,72.0,True,False
0,-2,0.05,-3.1154229662226323,False,True,43.0,True,False
0,-0.5360000000001097,0.05,0.02837751679895181,False,False,72.0,True,False
0,-1.999,0.05,-3.07042296622263,False,False,97.0,True,False
0,-1.999,0.05,-2.2377626539681703,False,True,5.830951894845301,True,False
0,-2,0.05,-3.1658686279652875,True,False,16.278820596099706,True,False
0,-1.1370000000001657,0.05,-3.120768368790536,False,False,22.20360331117452,True,False
0,-1.0270000000001072,0.05,-3.1143553075579686,True,False,73.06161783043132,True,False
0,-2,0.05,-3.1154229662226323,True,False,30.14962686336267,True,False
0,-0.5350000000001097,0.05,0.02837751679895181,False,True,102.04410811016969,True,False
0,-2,0.05,-3.12042296622263,True,False,5.830951894845301,True,False
0,-2,0.05,0.9038299996216228,True,True,102.04410811016969,True,False
0,-2,0.05,-3.1658686279652875,True,True,11.0,True,False
0,-1.1370000000001657,0.05,-3.120768368790536,False,True,27.0,True,False
0,-1.2540000000000664,0.05,0.04178486320915479,True,False,4.0,True,False
0,-1.0270000000001072,0.05,-3.1143553075579686,True,True,68.0,True,False
0,-2,0.05,-3.1154229662226323,True,True,25.0,True,False
0,-0.5350000000001097,0.05,0.02837751679895181,False,False,97.0,True,False
0,-2,0.05,-3.12042296622263,False,True,25.0,True,False
0,-2,0.05,0.9038299996216228,False,False,30.14962686336267,True,False
0,-2,0.05,-3.1658686279652875,False,False,86.0,True,False
0,-1.1360000000001658,0.05,-3.1707683687905357,False,False,124.0,True,False
0,-1.2530000000000665,0.05,0.04178486320915479,True,True,101.0,True,False
0,-1.0260000000001073,0.05,-3.1643553075579685,False,False,29.0,True,False
0,-2,0.05,-3.1154229662226323,False,False,72.0,True,False
0,-0.5340000000001097,0.05,0.02837751679895181,False,False,29.0,True,False
0,-1.999,0.05,-3.07042296622263,False,True,68.0,True,False
0,-1.999,0.05,-2.2377626539681703,False,True,73.06161783043132,True,False
0,-2,0.05,-3.1658686279652875,False,True,14.0,True,False
0,-1.1360000000001658,0.05,-3.1707683687905357,False,True,52.0,True,False
0,-1.2530000000000665,0.05,0.04178486320915479,True,False,29.0,True,False
0,-1.0260000000001073,0.05,-3.1643553075579685,True,True,43.0,True,False
0,-2,0.05,-3.1154229662226323,True,False,29.0,True,False
0,-0.5340000000001097,0.05,0.02837751679895181,False,True,101.0,True,False
0,-1.999,0.05,-3.07042296622263,True,False,4.0,True,False
0,-1.999,0.05,-2.2377626539681703,True,False,3.1622776601683795,True,False
0,-2,0.05,-3.1658686279652875,False,True,57.0,True,False
0,-1.1350000000001659,0.05,-3.120768368790536,False,True,96.0,True,False
0,-1.2520000000000666,0.05,0.04178486320915479,True,False,72.0,True,False
0,-1.0250000000001074,0.05,-3.1143553075579686,True,True,95.0,True,False
0,-2,0.05,-3.1154229662226323,True,True,52.0,True,False
0,-0.5330000000001097,0.05,0.02837751679895181,False,False,124.0,True,False
0,-2,0.05,-3.12042296622263,True,True,27.0,True,False
0,-2,0.05,0.9038299996216228,False,False,22.20360331117452,True,False
0,-2,0.05,-3.1658686279652875,True,False,15.0,True,False
0,-1.1350000000001659,0.05,-3.120768368790536,False,False,24.0,True,False
0,-1.2520000000000666,0.05,0.04178486320915479,True,False,15.0,True,False
0,-1.0250000000001074,0.05,-3.1143553075579686,True,True,57.0,True,False
0,-2,0.05,-3.1154229662226323,True,True,14.0,True,False
0,-0.5330000000001097,0.05,0.02837751679895181,False,False,86.0,True,False
0,-2,0.05,-3.12042296622263,False,True,11.0,True,False
0,-2,0.05,0.9038299996216228,False,False,16.278820596099706,True,False
0,-2,0.05,-3.1658686279652875,True,True,38.0,True,False
2,-2,0.05,-3.1658686279652875,True,True,15.297058540778355,True,False
2,-1.1140000000001682,0.05,-3.1707683687905357,False,True,24.186773244895647,True,False
2,-1.231000000000069,0.05,-0.013215136790845215,False,False,3.605551275463989,True,False
2,-1.0040000000001097,0.05,-3.1643553075579685,True,True,72.06247289678588,True,True
2,-2,0.05,-3.170422966222632,True,True,29.154759474226502,True,False
2,-0.5120000000001097,0.05,0.02837751679895181,False,False,103.04368005850722,False,False
2,-1.999,0.05,-3.07042296622263,True,True,5.0,True,False
2,-1.999,0.05,-2.2377626539681703,False,True,0.0,True,False
2,-1.5030000000000547,0.05,-3.1754229662226297,False,True,200.0,False,False
2,-1.999,0.05,-2.2377626539681703,False,True,175.025712396779,False,False
2,-2,0.05,-3.1208686279652875,False,True,189.0,False,False
2,-0.646000000000094,0.05,-0.018215136790845216,True,False,143.0,False,False
2,-0.4190000000001096,0.05,-3.1143553075579686,False,True,132.0,False,False
2,-2,0.05,-3.125422966222632,False,True,175.0,False,False
0,-0.13800000000017998,0.05,-3.115768368790536,False,True,38.0,True,False
0,-0.2550000000000937,0.05,-0.023215136790845217,False,False,123.0,True,False
0,-0.14900000000010927,0.05,-3.1693553075579683,False,False,28.0,True,False
0,-2,0.05,-3.120422966222632,False,True,43.0,True,False
0,-2,0.05,-3.173215136790841,True,True,60.0,True,False
0,-1.111000000000098,0.05,-3.12042296622263,False,True,85.0,True,False
0,-1.999,0.05,-2.2377626539681703,True,True,45.09988913511872,True,False
0,-2,0.05,-3.1658686279652875,False,False,34.132096331752024,True,False
0,-0.13700000000017998,0.05,-3.165768368790536,False,False,72.06247289678588,True,False
0,-0.2540000000000937,0.05,0.026784863209154786,False,True,51.088159097779204,True,False
0,-0.15900000000010928,0.05,-3.1693553075579683,True,False,23.194827009486403,True,False
0,-2,0.05,-3.170422966222632,False,False,20.223748416156685,True,False
0,-2,0.05,-3.173215136790841,True,False,40.11234224026316,True,False
0,-1.110000000000098,0.05,-3.1704229662226298,False,False,45.09988913511872,True,False
0,-2,0.05,0.9038299996216228,True,False,40.11234224026316,True,False
0,-2,0.05,-3.1658686279652875,True,True,11.0,True,False
0,-0.13700000000017998,0.05,-3.165768368790536,False,True,27.0,True,False
0,-0.2540000000000937,0.05,0.026784863209154786,False,False,96.0,True,False
0,-0.15900000000010928,0.05,-3.1693553075579683,True,True,68.0,True,False
0,-2,0.05,-3.170422966222632,True,True,25.0,True,False
0,-2,0.05,-3.173215136790841,True,True,85.0,True,False
0,-1.110000000000098,0.05,-3.1704229662226298,False,True,25.0,True,False
0,-2,0.05,0.9038299996216228,False,False,20.223748416156685,True,False
0,-2,0.05,-3.1158686279652876,False,True,74.0,True,False
0,-0.13600000000017998,0.05,-3.115768368790536,False,True,112.0,True,False
0,-0.2530000000000937,0.05,-0.023215136790845217,False,False,11.0,True,False
0,-0.15800000000010928,0.05,-3.1693553075579683,False,True,17.0,True,False
0,-2,0.05,-3.120422966222632,False,True,60.0,True,False
0,-2,0.05,-3.173215136790841,True,True,17.0,True,False
0,-1.1090000000000981,0.05,-3.12042296622263,False,True,68.0,True,False
0,-1.999,0.05,-2.2377626539681703,False,True,23.194827009486403,True,False
0,-2,0.05,-3.1158686279652876,False,True,14.0,True,False
0,-0.13600000000017998,0.05,-3.115768368790536,False,True,52.0,True,False
0,-0.2530000000000937,0.05,-0.023215136790845217,False,False,71.0,True,False
0,-0.15800000000010928,0.05,-3.1693553075579683,True,True,43.0,True,False
0,-2,0.05,-3.120422966222632,False,False,71.0,True,False
0,-2,0.05,-3.173215136790841,False,False,11.0,True,False
0,-1.1090000000000981,0.05,-3.12042296622263,False,False,96.0,True,False
0,-1.999,0.05,-2.2377626539681703,False,False,51.088159097779204,True,False
0,-2,0.05,-3.1658686279652875,False,True,57.0,True,False
0,-0.13500000000017998,0.05,-3.165768368790536,False,True,96.0,True,False
0,-0.2520000000000937,0.05,0.026784863209154786,False,False,28.0,True,False
0,-0.16800000000010928,0.05,-3.1693553075579683,True,True,95.0,True,False
0,-2,0.05,-3.170422966222632,True,True,52.0,True,False
0,-2,0.05,-3.173215136790841,True,True,112.0,True,False
0,-1.1080000000000982,0.05,-3.1704229662226298,True,True,27.0,True,False
0,-2,0.05,0.9038299996216228,False,False,72.06247289678588,True,False
0,-2,0.05,-3.1658686279652875,False,False,85.0,True,False
0,-0.13500000000017998,0.05,-3.165768368790536,False,False,124.0,True,False
0,-0.2520000000000937,0.05,0.026784863209154786,False,False,85.0,True,False
0,-0.16800000000010928,0.05,-3.1693553075579683,True,True,57.0,True,False
0,-2,0.05,-3.170422966222632,True,True,14.0,True,False
0,-2,0.05,-3.173215136790841,True,True,74.0,True,False
0,-1.1080000000000982,0.05,-3.1704229662226298,False,True,11.0,True,False
0,-2,0.05,0.9038299996216228,False,False,34.132096331752024,True,False
0,-2,0.05,-3.1158686279652876,True,True,38.0,True,False
2,-2,0.05,-3.1158686279652876,False,True,35.12833614050059,True,False
2,-0.11400000000017996,0.05,-3.115768368790536,False,True,74.06078584514209,True,True
2,-0.23100000000009369,0.05,-0.023215136790845217,False,False,52.08646657242167,True,True
2,-0.25700000000010936,0.05,-3.1693553075579683,True,True,22.20360331117452,True,False
2,-2,0.05,-3.120422966222632,False,True,21.213203435596427,True,False
2,-2,0.05,-3.173215136790841,True,True,38.118237105091836,True,False
2,-1.0870000000001006,0.05,-3.12042296622263,False,True,46.09772228646444,True,False
2,-1.999,0.05,-2.2377626539681703,False,True,0.0,True,False
2,-2,0.05,-3.173215136790841,False,False,194.0025773024678,False,False
2,-0.06900000000009354,0.05,-0.023215136790845217,True,True,164.00304875214974,False,False
2,-1.9230000000001222,0.05,-3.1193553075579685,False,True,171.0,False,False
2,-0.007000000000138698,0.9849999999997227,1.3649701703887536,False,False,196.93907687404246,False,False
2,-2,0.05,-3.173215136790841,False,True,155.0,False,False
2,-2,0.05,0.9038299996216228,True,False,175.025712396779,False,False
0,-2,0.05,-3.1398077903806385,True,True,89.0,True,False
0,-1.4770000000000576,0.05,-3.1193553075579685,False,True,32.0,True,False
0,-2,0.05,-3.165422966222632,False,True,43.0,True,False
0,-0.9930000000001525,0.05,-0.023215136790845206,False,False,83.0,True,False
0,-2,0.05,-3.173215136790841,False,False,23.0,True,False
0,-0.11100000000010934,0.05,-3.16542296622263,False,True,85.0,True,False
0,-2,0.05,-2.2377626539681703,True,True,95.04735661763561,True,False
0,-2,0.05,-3.1658686279652875,False,False,84.0535543567314,True,False
0,-2,0.05,-3.1898077903806383,True,False,5.830951894845301,True,False
0,-1.4760000000000577,0.05,-3.1693553075579683,False,False,27.16615541441225,True,False
0,-2,0.05,-3.1154229662226323,False,False,70.06425622241343,True,False
0,-0.9920000000001525,0.05,-0.07321513679084521,False,True,13.341664064126334,True,False
0,-2,0.05,-3.1232151367908414,False,False,10.44030650891055,True,False
0,-0.11000000000010934,0.05,-3.11542296622263,False,False,95.04735661763561,True,False
0,-2,0.05,0.9038299996216228,False,False,10.44030650891055,True,False
0,-2,0.05,-3.1658686279652875,True,True,11.0,True,False
0,-2,0.05,-3.1898077903806383,True,True,100.0,True,False
0,-1.4760000000000577,0.05,-3.1693553075579683,True,True,68.0,True,False
0,-2,0.05,-3.1154229662226323,True,True,25.0,True,False
0,-0.9920000000001525,0.05,-0.07321513679084521,False,False,108.0,True,False
0,-2,0.05,-3.1232151367908414,True,True,85.0,True,False
0,-0.11000000000010934,0.05,-3.11542296622263,False,False,108.0,True,False
0,-2,0.05,0.9038299996216228,False,True,13.341664064126334,True,False
0,-2,0.05,-3.1158686279652876,False,True,74.0,True,False
0,-2,0.05,-3.1398077903806385,True,True,15.0,True,False
0,-1.4750000000000578,0.05,-3.1193553075579685,False,True,17.0,True,False
0,-2,0.05,-3.165422966222632,False,True,60.0,True,False
0,-0.9910000000001525,0.05,-0.023215136790845206,False,False,23.0,True,False
0,-2,0.05,-3.173215136790841,True,True,60.0,True,False
0,-0.10900000000010934,0.05,-3.16542296622263,False,True,25.0,True,False
0,-2,0.05,-2.2377626539681703,True,True,70.06425622241343,True,False
0,-2,0.05,-3.1158686279652876,False,False,97.0,True,False
0,-2,0.05,-3.1398077903806385,False,False,8.0,True,False
0,-1.4750000000000578,0.05,-3.1193553075579685,False,False,40.0,True,False
0,-2,0.05,-3.165422966222632,False,False,83.0,True,False
0,-0.9910000000001525,0.05,-0.023215136790845206,False,False,40.0,True,False
0,-2,0.05,-3.173215136790841,True,True,17.0,True,False
0,-0.10900000000010934,0.05,-3.16542296622263,False,True,68.0,True,False
0,-2,0.05,-2.2377626539681703,True,True,27.16615541441225,True,False
0,-2,0.05,-3.1658686279652875,False,True,14.0,True,False
0,-2,0.05,-3.0898077903806387,True,True,75.0,True,False
0,-1.474000000000058,0.05,-3.1693553075579683,True,True,43.0,True,False
0,-2,0.05,-3.1154229662226323,False,True,75.0,True,False
0,-0.9900000000001525,0.05,-0.07321513679084521,False,False,8.0,True,False
0,-2,0.05,-3.1232151367908414,False,True,15.0,True,False
0,-0.10800000000010934,0.05,-3.11542296622263,False,True,100.0,True,False
0,-2,0.05,0.9038299996216228,False,False,5.830951894845301,True,False
0,-2,0.05,-3.1658686279652875,False,True,57.0,True,False
0,-2,0.05,-3.0898077903806387,True,True,32.0,True,False
0,-1.474000000000058,0.05,-3.1693553075579683,True,True,57.0,True,False
0,-2,0.05,-3.1154229662226323,True,True,14.0,True,False
0,-0.9900000000001525,0.05,-0.07321513679084521,False,False,97.0,True,False
0,-2,0.05,-3.1232151367908414,True,True,74.0,True,False
0,-0.10800000000010934,0.05,-3.11542296622263,False,True,11.0,True,False
0,-2,0.05,0.9038299996216228,False,False,84.0535543567314,True,False
0,-2,0.05,-3.1158686279652876,False,True,89.0,True,False
2,-2,0.05,-3.1158686279652876,False,True,85.05292469985967,True,True
2,-2,0.05,-3.1398077903806385,True,True,5.0,True,False
2,-1.4530000000000602,0.05,-3.1193553075579685,False,True,28.160255680657446,True,False
2,-2,0.05,-3.165422966222632,False,True,71.06335201775947,True,True
2,-0.9690000000001525,0.05,-0.023215136790845206,False,False,14.317821063276353,True,False
2,-2,0.05,-3.173215136790841,False,True,11.40175425099138,True,False
2,-0.08700000000010932,0.05,-3.16542296622263,False,True,96.04686356149273,True,True
2,-2,0.05,-2.2377626539681703,False,True,0.0,True,False
1,0.002999999999890886,0.9909999999990178,-4.7404229662226225,False,False,104.00480758118829,True,True
1,-1.385887932192631e-13,0.9969999999995843,-1.5432151367908447,False,True,0.0,True,False
3,0.003999999999890886,0.9949999999989086,-4.7404229662226225,False,False,105.00476179678711,False,False
0,-2,0.05,-3.119807790380639,True,True,90.00555538409837,True,False
0,-0.47700000000010967,0.05,-3.1643553075579685,False,True,32.0,True,False
0,-2,0.05,-3.1104229662226324,False,True,43.01162633521314,True,False
0,0.006999999999848337,0.07799999999893836,0.021784863209154796,False,False,183.0027322200409,True,False
0,-2,0.05,-3.1182151367908415,False,False,123.0,True,False
0,-1.5990000000000442,0.05,-2.2377626539681703,True,True,60.07495318350236,True,False
0,-1.1520000000000934,0.05,-3.1658686279652875,False,False,134.05968819895114,True,False
0,-2,0.05,-3.1698077903806388,False,False,45.09988913511872,True,False
0,-0.47600000000010967,0.05,-3.1143553075579686,False,False,77.05841939723393,True,False
0,-2,0.05,-3.1104229662226324,False,False,120.06664815842908,True,False
0,0.007999999999848337,0.0859999999987867,-0.028215136790845207,False,True,63.071388124885914,True,False
0,-2,0.05,-3.1682151367908413,False,False,60.07495318350236,True,False
0,-1.5980000000000443,0.05,0.9038299996216228,True,True,63.071388124885914,True,False
0,-1.1520000000000934,0.05,-3.1658686279652875,False,True,74.00675644831355,True,False
0,-2,0.05,-3.1698077903806388,True,True,15.0,True,False
0,-0.47600000000010967,0.05,-3.1143553075579686,False,True,17.0,True,False
0,-2,0.05,-3.1104229662226324,False,True,60.00833275470999,True,False
0,0.007999999999848337,0.0859999999987867,-0.028215136790845207,False,False,123.0,True,False
0,-2,0.05,-3.1682151367908413,True,True,60.00833275470999,True,False
0,-1.5980000000000443,0.05,0.9038299996216228,False,False,120.06664815842908,True,False
0,-1.1510000000000935,0.05,-3.1658686279652875,False,False,197.00253805471644,True,False
0,-2,0.05,-3.119807790380639,False,False,108.0,True,False
0,-0.47500000000010967,0.05,-3.1643553075579685,False,False,140.0,True,False
0,-2,0.05,-3.1104229662226324,False,False,183.0027322200409,True,False
0,0.008999999999848338,0.09499999999863504,0.021784863209154796,False,False,140.0,True,False
0,-2,0.05,-3.1182151367908415,True,True,17.0,True,False
0,-1.5970000000000444,0.05,-2.2377626539681703,True,True,77.05841939723393,True,False
0,-1.1510000000000935,0.05,-3.1658686279652875,False,True,14.0,True,False
0,-2,0.05,-3.119807790380639,True,True,75.0066663703967,True,False
0,-0.47500000000010967,0.05,-3.1643553075579685,True,True,43.01162633521314,True,False
0,-2,0.05,-3.1104229662226324,False,True,75.0066663703967,True,False
0,0.008999999999848338,0.09499999999863504,0.021784863209154796,False,False,108.0,True,False
0,-2,0.05,-3.1182151367908415,False,True,15.0,True,False
0,-1.5970000000000444,0.05,-2.2377626539681703,True,True,45.09988913511872,True,False
0,-1.1500000000000936,0.05,-3.1658686279652875,False,True,57.0087712549569,True,False
0,-2,0.05,-3.1698077903806388,True,True,32.0,True,False
0,-0.47400000000010967,0.05,-3.1143553075579686,True,True,57.0087712549569,True,False
0,-2,0.05,-3.1104229662226324,True,True,14.0,True,False
0,0.009999999999848339,0.10499999999848338,-0.028215136790845207,False,False,197.00253805471644,True,False
0,-2,0.05,-3.1682151367908413,True,True,74.00675644831355,True,False
0,-1.5960000000000445,0.05,0.9038299996216228,False,False,134.05968819895114,True,False
0,-1.1500000000000936,0.05,-3.1658686279652875,False,True,89.00561780022652,True,False
2,-1.129000000000096,0.05,-3.1658686279652875,False,True,135.05924625881784,False,False
2,-2,0.05,-3.119807790380639,False,True,46.09772228646444,True,False
2,-0.45300000000010965,0.05,-3.1643553075579685,False,True,78.05767098754612,True,True
2,-2,0.05,-3.1104229662226324,False,True,121.06609764917675,False,False
2,0.030999999999848357,0.5459999999952989,0.021784863209154796,False,False,69.06518659932803,True,True
2,-2,0.05,-3.1182151367908415,False,True,61.07372593840988,True,True
2,-1.5750000000000468,0.05,-2.2377626539681703,False,True,0.0,True,False
2,-1.4670000000000587,0.05,-2.2377626539681703,False,True,175.025712396779,False,False
1,0.05599999999982043,0.3,1.5740095919788657,True,False,30.01666203960727,True,False
3,0.05699999999982043,0.3,1.5240095919788657,True,False,30.01666203960727,False,False
0,-2,0.05,-3.164807790380639,True,True,89.02246907382428,True,False
0,-2,0.05,-3.1093553075579687,False,True,59.00847396772772,True,False
0,-1.1290000000001554,0.05,-0.008215136790844683,False,False,160.0124995117569,True,False
0,-2,0.05,-3.1104229662226324,False,False,176.02556632489498,True,False
0,-0.7420000000001759,0.05,-3.1398077903806385,True,True,147.0136048126159,True,False
0,-1.5120000000000537,0.05,-3.1082151367908417,False,True,87.00574693662483,True,False
0,0.08299999999989095,0.3,-1.5922376590430287,False,False,17.029386365926403,True,False
0,-2,0.05,-2.2377626539681703,True,True,110.07270324653611,True,False
0,-0.15200000000010938,0.05,-3.1658686279652875,False,False,183.06829326784035,True,False
0,0.13499999999982049,0.3,1.5240095919788657,False,False,17.029386365926403,True,False
0,-2,0.05,-3.114807790380639,False,False,95.04735661763561,True,False
0,-2,0.05,-3.1093553075579687,False,False,154.0519392932137,True,False
0,-1.1280000000001555,0.05,-0.008215136790844683,False,True,6.324555320336759,True,False
0,-2,0.05,-3.1104229662226324,False,False,170.07351351694948,True,False
0,-0.7410000000001759,0.05,-3.1898077903806383,False,False,23.194827009486403,True,False
0,-1.5110000000000539,0.05,-3.1082151367908417,False,False,110.07270324653611,True,False
0,-2,0.05,0.9038299996216228,False,False,23.194827009486403,True,False
0,-0.15200000000010938,0.05,-3.1658686279652875,False,True,73.00684899377592,True,False
0,-2,0.05,-3.114807790380639,True,True,15.033296378372908,True,False
0,-2,0.05,-3.1093553075579687,False,True,44.0,True,False
0,-1.1280000000001555,0.05,-0.008215136790844683,False,False,116.01724009818541,True,False
0,-2,0.05,-3.1104229662226324,False,True,60.00833275470999,True,False
0,-0.7410000000001759,0.05,-3.1898077903806383,True,True,87.00574693662483,True,False
0,-1.5110000000000539,0.05,-3.1082151367908417,True,True,60.00833275470999,True,False
0,-2,0.05,0.9038299996216228,False,False,170.07351351694948,True,False
0,-0.15100000000010938,0.05,-3.1658686279652875,False,True,161.01242188104618,True,False
0,-2,0.05,-3.164807790380639,False,True,72.0,True,False
0,-2,0.05,-3.1093553075579687,False,True,131.00381673829202,True,False
0,-1.1270000000001557,0.05,-0.008215136790844683,False,False,30.01666203960727,True,False
0,-2,0.05,-3.1104229662226324,False,True,147.0136048126159,True,False
0,-0.7400000000001759,0.05,-3.1398077903806385,False,False,29.017236257093817,True,False
0,-1.510000000000054,0.05,-3.1082151367908417,False,False,116.01724009818541,True,False
0,-2,0.05,-2.2377626539681703,False,False,6.324555320336759,True,False
0,-0.15100000000010938,0.05,-3.1658686279652875,False,True,14.0,True,False
0,-2,0.05,-3.164807790380639,True,True,75.02666192761077,True,False
0,-2,0.05,-3.1093553075579687,True,True,16.0312195418814,True,False
0,-1.1270000000001557,0.05,-0.008215136790844683,False,False,177.02542190318317,True,False
0,-2,0.05,-3.1104229662226324,False,True,16.0312195418814,True,False
0,-0.7400000000001759,0.05,-3.1398077903806385,True,True,131.00381673829202,True,False
0,-1.510000000000054,0.05,-3.1082151367908417,True,True,44.0,True,False
0,-2,0.05,-2.2377626539681703,True,True,154.0519392932137,True,False
0,-0.15000000000010938,0.05,-3.1658686279652875,False,False,190.02368273454758,True,False
0,-2,0.05,-3.114807790380639,False,False,101.00495037373169,True,False
0,-2,0.05,-3.1093553075579687,False,False,160.0124995117569,True,False
0,-1.1260000000001558,0.05,-0.008215136790844683,False,False,102.00490184299969,True,False
0,-2,0.05,-3.1104229662226324,False,True,75.02666192761077,True,False
0,-0.7390000000001758,0.05,-3.0898077903806387,True,True,72.0,True,False
0,-1.509000000000054,0.05,-3.1082151367908417,False,True,15.033296378372908,True,False
0,-2,0.05,0.9038299996216228,False,False,95.04735661763561,True,False
0,-0.15000000000010938,0.05,-3.1658686279652875,False,True,30.01666203960727,True,False
0,-2,0.05,-3.114807790380639,True,True,59.00847396772772,True,False
0,-2,0.05,-3.1093553075579687,True,True,29.017236257093817,True,False
0,-1.1260000000001558,0.05,-0.008215136790844683,False,False,190.02368273454758,True,False
0,-2,0.05,-3.1104229662226324,True,True,13.0,True,False
0,-0.7390000000001758,0.05,-3.0898077903806387,True,True,160.0124995117569,True,False
0,-1.509000000000054,0.05,-3.1082151367908417,True,True,73.00684899377592,True,False
0,-2,0.05,0.9038299996216228,False,False,183.06829326784035,True,False
0,-0.14900000000010938,0.05,-3.1658686279652875,False,True,89.02246907382428,True,False
2,-0.12900000000010936,0.05,-3.1658686279652875,False,True,185.06755523321746,False,False
2,-2,0.05,-3.164807790380639,False,True,96.04686356149273,True,True
2,-2,0.05,-3.1093553075579687,False,True,155.05160431288675,False,False
2,-1.105000000000158,0.05,-0.008215136790844683,False,False,8.246211251235321,True,False
2,-2,0.05,-3.1104229662226324,False,True,171.0730837975396,False,False
2,-0.7180000000001758,0.05,-3.1398077903806385,False,True,24.186773244895647,True,False
2,-1.4880000000000564,0.05,-3.1082151367908417,False,True,111.07204868912791,False,False
2,-2,0.05,-2.2377626539681703,False,True,0.0,True,False
2,-0.6790000000001694,0.05,-0.028215136790844655,True,True,195.0,False,False
0,0.0009999999998205021,0.9999999999994614,-1.5541757152007325,False,False,85.70297544426332,True,False
0,-2,0.05,-3.1643553075579685,False,True,60.0,True,False
0,-1.191000000000089,0.05,-3.0554229662226327,False,True,16.0312195418814,True,False
0,-1.7880000000001766,0.05,-3.1398077903806385,True,True,91.00549433962765,True,False
0,-0.5120000000001097,0.05,-3.1082151367908417,False,True,31.016124838541646,True,False
0,-1.3600000000000705,0.05,-2.2377626539681703,True,True,160.0781059358212,True,False
0,0.0009999999998908998,0.9729999999990178,-5.445868627965276,False,False,86.68333173107735,True,False
0,-2,0.05,-3.109807790380639,False,False,144.05554484295286,True,False
0,-2,0.05,-3.1643553075579685,False,True,44.01136216933077,True,False
0,-0.12800000000016887,0.05,0.021784863209155347,False,True,56.08029957123981,True,False
0,-1.1900000000000892,0.05,-3.0554229662226327,False,True,60.0,True,False
0,-1.7980000000001766,0.05,-3.1398077903806385,False,False,129.0620006043607,True,False
0,-0.5110000000001097,0.05,-3.1082151367908417,False,False,160.0781059358212,True,False
0,-1.3590000000000706,0.05,0.9038299996216228,False,False,129.0620006043607,True,False
0,-2,0.05,-3.109807790380639,True,True,16.0312195418814,True,False
0,-2,0.05,-3.1643553075579685,False,True,75.0,True,False
0,-0.12800000000016887,0.05,0.021784863209155347,False,False,185.00270268296083,True,False
0,-1.1900000000000892,0.05,-3.0554229662226327,False,True,91.00549433962765,True,False
0,-1.7980000000001766,0.05,-3.1398077903806385,True,True,31.016124838541646,True,False
0,-0.5110000000001097,0.05,-3.1082151367908417,True,True,60.0,True,False
0,-1.3590000000000706,0.05,0.9038299996216228,True,True,56.08029957123981,True,False
0,-2,0.05,-3.109807790380639,False,True,16.0,True,False
0,-2,0.05,-3.1643553075579685,True,True,16.0312195418814,True,False
0,-1.1890000000000893,0.05,-3.0554229662226327,False,True,76.00657866263946,True,False
0,-1.8080000000001766,0.05,-3.1398077903806385,False,False,185.00270268296083,True,False
0,-0.5100000000001097,0.05,-3.1082151367908417,True,True,44.01136216933077,True,False
0,-1.3580000000000707,0.05,-2.2377626539681703,True,True,144.05554484295286,True,False
0,-2,0.05,-3.109807790380639,True,True,75.0066663703967,True,False
0,-1.8080000000001766,0.05,-3.1398077903806385,True,True,75.0,True,False
0,-0.5100000000001097,0.05,-3.1082151367908417,False,True,16.0312195418814,True,False
0,-2,0.05,-3.109807790380639,True,True,59.0,True,False
0,-1.8180000000001766,0.05,-3.1398077903806385,True,True,15.0,True,False
2,-2,0.05,-3.109807790380639,False,True,146.05478424207814,False,False
2,-2,0.05,-3.1398077903806385,False,True,130.06152390311286,False,False
2,-0.4880000000001097,0.05,-3.1082151367908417,False,True,161.07762104029226,False,False
2,-1.0920000000001,0.05,-2.2377626539681703,False,True,175.025712396779,False,False
2,-2,0.05,-3.109807790380639,False,False,168.1071087134628,False,False
2,-2,0.05,-3.1093553075579687,False,False,180.13605968822566,False,False
2,-0.7580000000001099,0.05,-3.160422966222632,False,True,186.50737250843463,False,False
2,-2,0.05,-3.084807790380639,False,False,167.29913329123974,False,False
2,-0.07900000000010932,0.05,-3.1632151367908414,False,True,169.43435306926398,False,False
0,-1.5490000000000497,0.05,-3.164807790380639,True,False,102.00490184299969,True,False
0,-2,0.05,-3.1593553075579686,False,True,60.00833275470999,True,False
0,-0.9440000000001998,0.05,-3.124807790380638,True,True,178.0028089666003,True,False
0,-0.19100000000010942,0.05,-3.1104229662226324,False,True,16.0312195418814,True,False
0,-2,0.05,-3.1398077903806385,True,True,91.00549433962765,True,False
0,-2,0.05,-3.1082151367908417,False,True,58.0,True,False
0,-1.999,0.05,-2.2377626539681703,True,True,179.06981878585793,True,False
0,0.0009999999998205012,0.9649999999982047,0.039231631209464324,True,False,59.0,True,False
0,-1.5480000000000498,0.05,-3.164807790380639,False,False,194.0412327316027,True,False
0,-2,0.05,-3.1093553075579687,False,True,17.0,True,False
0,-0.19000000000010941,0.05,-3.160422966222632,False,True,33.015148038438355,True,False
0,-2,0.05,-3.1398077903806385,False,False,179.06981878585793,True,False
0,-2,0.05,-3.1582151367908415,True,True,33.015148038438355,True,False
0,-2,0.05,0.9038299996216228,False,False,16.278820596099706,True,False
0,0.0009999999998205012,0.9649999999982047,0.039231631209464324,True,False,117.0,True,False
0,-1.5480000000000498,0.05,-3.164807790380639,True,True,43.01162633521314,True,False
0,-2,0.05,-3.1093553075579687,False,True,75.0,True,False
0,-0.9430000000001998,0.05,-3.1748077903806378,True,True,163.01226947687098,True,False
0,-0.19000000000010941,0.05,-3.160422966222632,False,True,91.00549433962765,True,False
0,-2,0.05,-3.1398077903806385,True,True,58.0,True,False
0,-2,0.05,-3.1582151367908415,True,True,17.0,True,False
0,-2,0.05,0.9038299996216228,False,False,194.0412327316027,True,False
0,0.0019999999998205013,0.9669999999980252,-0.010768368790535679,True,False,25.019992006393608,True,False
0,-1.54700000000005,0.05,-3.164807790380639,False,True,16.0312195418814,True,False
0,-2,0.05,-3.1593553075579686,True,True,16.0312195418814,True,False
0,-0.1890000000001094,0.05,-3.1104229662226324,False,True,76.02631123499285,True,False
0,-2,0.05,-3.1398077903806385,False,True,163.01226947687098,True,False
0,-2,0.05,-3.1082151367908417,False,True,43.01162633521314,True,False
0,0.0019999999998205013,0.9669999999980252,-0.010768368790535679,True,False,41.0,True,False
0,-1.54700000000005,0.05,-3.164807790380639,True,True,75.02666192761077,True,False
0,-2,0.05,-3.1593553075579686,True,False,42.0,True,False
0,-0.1890000000001094,0.05,-3.1104229662226324,True,False,26.019223662515376,True,False
0,-2,0.05,-3.1398077903806385,True,True,75.0,True,False
0,-2,0.05,-3.1082151367908417,True,False,59.0,True,False
0,0.0029999999998205013,0.9699999999978457,-0.06076836879053568,True,False,100.00499987500625,True,False
0,-1.54600000000005,0.05,-3.164807790380639,False,True,179.00279327429502,True,False
0,-2,0.05,-3.1398077903806385,True,True,15.033296378372908,True,False
0,-1.54600000000005,0.05,-3.164807790380639,True,True,59.00847396772772,True,False
0,-2,0.05,-3.1398077903806385,True,False,117.0,True,False
2,-1.5250000000000523,0.05,-3.164807790380639,False,True,196.04081207748553,False,False
2,-0.9200000000001998,0.05,-3.124807790380638,False,True,17.26267650163207,True,False
2,-2,0.05,-3.1398077903806385,False,True,180.06943105369106,False,False
0,-1.228000000000085,0.05,-3.1143553075579686,False,True,60.00833275470999,True,False
0,0.0009999999998010689,0.9799999999984084,-3.114807790380638,True,True,152.0131573252789,True,False
0,-2,0.05,-3.1298077903806387,False,True,136.01470508735443,True,False
0,-2,0.05,-3.1632151367908414,False,True,58.008620049092706,True,False
0,-0.7450000000001091,0.05,0.026169687367172102,False,False,88.0,True,False
0,-2,0.05,-2.2377626539681703,True,False,5.830951894845301,True,False
0,-0.7700000000002074,0.05,-0.02576836879053568,False,True,23.194827009486403,True,False
0,-0.5480000000001097,0.05,-3.159807790380639,True,True,43.01162633521314,True,False
0,-1.2270000000000851,0.05,-3.1643553075579685,False,True,17.0,True,False
0,0.001999999999801069,0.9819999999982094,-3.164807790380638,False,False,93.04837451562494,True,False
0,-2,0.05,-3.1798077903806385,True,True,58.008620049092706,True,False
0,-2,0.05,-3.1132151367908416,False,True,194.02319448973105,True,False
0,-0.7440000000001091,0.05,0.026169687367172102,True,True,5.830951894845301,True,False
0,-1.999,0.05,0.9038299996216228,False,False,93.04837451562494,True,False
0,-0.7700000000002074,0.05,-0.02576836879053568,False,True,28.0,True,False
0,-0.5480000000001097,0.05,-3.159807790380639,False,True,15.0,True,False
0,-1.2270000000000851,0.05,-3.1643553075579685,False,True,75.0066663703967,True,False
0,0.001999999999801069,0.9819999999982094,-3.164807790380638,False,False,88.0,True,False
0,-2,0.05,-3.1798077903806385,True,True,75.0066663703967,True,False
0,-2,0.05,-3.1132151367908416,True,True,17.0,True,False
0,-0.7440000000001091,0.05,0.026169687367172102,True,True,28.0,True,False
0,-1.999,0.05,0.9038299996216228,False,True,23.194827009486403,True,False
0,-0.7690000000002074,0.05,0.024231631209464324,False,False,116.0,True,False
0,-0.5470000000001097,0.05,-3.109807790380639,False,True,151.0132444522665,True,False
0,0.002999999999801069,0.9849999999980105,-3.114807790380638,True,True,193.02331465395574,True,False
0,-2,0.05,-3.1298077903806387,True,True,15.0,True,False
0,-2,0.05,-3.1632151367908414,False,True,43.01162633521314,True,False
0,-0.5470000000001097,0.05,-3.109807790380639,True,True,60.00833275470999,True,False
0,0.002999999999801069,0.9849999999980105,-3.114807790380638,True,True,135.0148140020198,True,False
0,0.003999999999801069,0.9889999999978115,-3.164807790380638,False,False,118.0,True,False
2,-0.7470000000002074,0.05,0.024231631209464324,False,False,24.186773244895647,True,False
2,0.002999999999801069,0.9849999999980105,-3.1098077903806383,False,True,116.06894502837527,False,False
2,-0.8530000000001092,0.05,0.026169687367172102,True,False,5.0,True,False
